{"stats":{"minecraft:custom":{"minecraft:jump":63,"minecraft:open_chest":1,"minecraft:time_since_rest":15452,"minecraft:crouch_one_cm":81,"minecraft:leave_game":3,"minecraft:sprint_one_cm":6043,"minecraft:play_time":15452,"minecraft:time_since_death":15452,"minecraft:walk_on_water_one_cm":930,"minecraft:walk_one_cm":6849,"minecraft:sneak_time":225,"minecraft:total_world_time":15452,"minecraft:climb_one_cm":284,"minecraft:walk_under_water_one_cm":615,"minecraft:fly_one_cm":68166}},"DataVersion":3465}