{"stats":{"minecraft:used":{"minecraft:jungle_log":55},"minecraft:custom":{"minecraft:jump":76,"minecraft:open_chest":1,"minecraft:time_since_rest":38688,"minecraft:crouch_one_cm":306,"minecraft:leave_game":7,"minecraft:sprint_one_cm":6886,"minecraft:play_time":38688,"minecraft:time_since_death":38688,"minecraft:walk_on_water_one_cm":930,"minecraft:walk_one_cm":12787,"minecraft:sneak_time":390,"minecraft:total_world_time":38688,"minecraft:climb_one_cm":284,"minecraft:walk_under_water_one_cm":615,"minecraft:fly_one_cm":81467}},"DataVersion":3465}