{"stats":{"minecraft:used":{"minecraft:chest":12,"minecraft:daylight_detector":1,"minecraft:redstone_torch":1},"minecraft:custom":{"minecraft:jump":39,"minecraft:open_chest":1,"minecraft:time_since_rest":18116,"minecraft:walk_on_water_one_cm":854,"minecraft:damage_taken":290,"minecraft:crouch_one_cm":136,"minecraft:leave_game":3,"minecraft:play_time":19227,"minecraft:sprint_one_cm":996,"minecraft:time_since_death":17607,"minecraft:walk_one_cm":4610,"minecraft:deaths":1,"minecraft:sneak_time":359,"minecraft:total_world_time":19227,"minecraft:fall_one_cm":1836,"minecraft:fly_one_cm":137610}},"DataVersion":3465}