{"stats":{"minecraft:mined":{"minecraft:oak_leaves":1},"minecraft:used":{"minecraft:jungle_log":55},"minecraft:custom":{"minecraft:jump":112,"minecraft:open_chest":1,"minecraft:time_since_rest":44688,"minecraft:crouch_one_cm":306,"minecraft:leave_game":7,"minecraft:sprint_one_cm":9488,"minecraft:play_time":44688,"minecraft:time_since_death":44688,"minecraft:walk_on_water_one_cm":930,"minecraft:walk_one_cm":16705,"minecraft:sneak_time":429,"minecraft:total_world_time":44688,"minecraft:climb_one_cm":1087,"minecraft:walk_under_water_one_cm":615,"minecraft:fall_one_cm":418,"minecraft:fly_one_cm":88459}},"DataVersion":3465}