{"stats":{"minecraft:used":{"minecraft:jungle_log":47},"minecraft:custom":{"minecraft:jump":73,"minecraft:open_chest":1,"minecraft:time_since_rest":33774,"minecraft:crouch_one_cm":306,"minecraft:leave_game":6,"minecraft:sprint_one_cm":6886,"minecraft:play_time":33774,"minecraft:time_since_death":33774,"minecraft:walk_on_water_one_cm":930,"minecraft:walk_one_cm":10791,"minecraft:sneak_time":334,"minecraft:total_world_time":33774,"minecraft:climb_one_cm":284,"minecraft:walk_under_water_one_cm":615,"minecraft:fly_one_cm":81467}},"DataVersion":3465}