{"stats":{"minecraft:used":{"minecraft:jungle_log":47},"minecraft:custom":{"minecraft:jump":69,"minecraft:open_chest":1,"minecraft:time_since_rest":24025,"minecraft:crouch_one_cm":170,"minecraft:leave_game":4,"minecraft:sprint_one_cm":6101,"minecraft:play_time":24025,"minecraft:time_since_death":24025,"minecraft:walk_on_water_one_cm":930,"minecraft:walk_one_cm":9995,"minecraft:sneak_time":262,"minecraft:total_world_time":24025,"minecraft:climb_one_cm":284,"minecraft:walk_under_water_one_cm":615,"minecraft:fly_one_cm":72114}},"DataVersion":3465}