{"stats":{"minecraft:custom":{"minecraft:jump":63,"minecraft:open_chest":1,"minecraft:time_since_rest":14651,"minecraft:crouch_one_cm":81,"minecraft:play_time":14651,"minecraft:leave_game":2,"minecraft:sprint_one_cm":6043,"minecraft:walk_on_water_one_cm":930,"minecraft:time_since_death":14651,"minecraft:walk_one_cm":6849,"minecraft:sneak_time":225,"minecraft:climb_one_cm":284,"minecraft:total_world_time":14651,"minecraft:walk_under_water_one_cm":615,"minecraft:fly_one_cm":68166}},"DataVersion":3465}