{
  "minecraft:recipes/decorations/crafting_table": {
    "criteria": {
      "unlock_right_away": "2024-06-27 08:14:34 +0000"
    },
    "done": true
  },
  "minecraft:adventure/adventuring_time": {
    "criteria": {
      "minecraft:eroded_badlands": "2024-06-27 08:14:58 +0000",
      "minecraft:lukewarm_ocean": "2024-06-27 08:23:43 +0000",
      "minecraft:stony_shore": "2024-06-27 08:23:59 +0000",
      "minecraft:desert": "2024-06-27 08:14:35 +0000",
      "minecraft:warm_ocean": "2024-06-27 08:21:46 +0000",
      "minecraft:deep_lukewarm_ocean": "2024-06-27 08:24:21 +0000"
    },
    "done": false
  },
  "DataVersion": 3465
}